name,company,website_visits,pages_viewed,time_spent,email_opens,demo_requested,converted
Kaitlyn Vasquez,Morales-Cohen,19,10,457,3,0,1
Dr. Terry Smith,"Norton, Larsen and Carlson",27,3,207,5,1,1
Michael Ponce,Warren PLC,9,3,151,5,0,0
Mark Harrison,Gibbs Inc,26,15,90,4,0,0
Mr. Jeremy Greene Jr.,"Brandt, Russell and Brown",25,9,346,4,0,1
Mackenzie Allen,Washington LLC,17,7,372,5,0,1
Paul Fuller,Davis LLC,32,12,487,1,1,1
Susan Shields,"Meyer, Shaw and Nielsen",30,14,495,3,0,1
Mary Garcia,Farmer-Deleon,8,11,399,6,0,1
Allison Erickson,"Ramirez, Nelson and Phillips",35,16,75,8,0,0
Gerald Torres,"Hanson, Griffin and Rivas",29,2,50,0,0,0
Kathy Taylor,Walker LLC,2,7,388,3,1,1
Michelle Hernandez,"Simmons, Martinez and Patton",8,15,90,6,0,0
Adam Reyes,Espinoza-Smith,33,13,262,0,0,1
Tanya Jones,Davis LLC,22,18,28,8,1,0
Joseph Martin,Richardson PLC,11,16,250,4,0,1
Michael Patton,Bryant-Parker,17,13,115,8,0,0
Jon Vasquez,"Jones, Smith and Morrison",15,19,403,4,1,1
Brian Shannon,Foster LLC,49,6,261,9,1,1
Courtney Blankenship,Riley-Rodriguez,26,7,199,7,0,1
Alicia Bradshaw DDS,Peterson-Davis,34,16,385,7,0,1
Anthony Thomas,Shelton LLC,29,4,489,2,0,1
Eric Mcintosh,Jackson and Sons,3,11,61,8,0,0
Jeffery Sawyer,Carroll Ltd,39,11,443,9,0,1
Johnny Avila,"Gray, Ortiz and Welch",11,6,52,8,0,0
Katelyn Duncan,Turner-Moran,36,9,167,5,0,1
William Wong,Nguyen Inc,48,3,86,8,0,0
Vanessa Rowland,Roth LLC,41,2,92,5,0,0
Regina Davila,"Calderon, Hernandez and Calderon",13,17,50,5,0,0
Dr. Howard Torres,"Flores, Mclean and Lawson",33,5,50,8,0,0
Paula Kelley,Bullock-Santana,29,2,457,7,0,1
Javier Arnold,Johnson Inc,24,11,37,1,0,0
Kayla Gibbs,Mejia PLC,15,12,300,5,1,1
Brian Donovan,Jones-Cabrera,47,13,219,8,1,1
Dennis Ayers,Hart and Sons,37,3,238,6,0,1
Mary Jimenez,Downs-Cowan,24,13,419,1,0,1
Adrienne Collins,Anderson-Shaw,6,8,244,7,0,1
Brandy Terry,Bennett-Stephenson,3,5,256,6,1,1
Laurie Patel,"Richardson, Blackwell and Neal",19,12,138,0,0,0
Ebony Watson,"Mayer, Chavez and Powers",39,3,353,1,0,1
Gail Henderson,"Snyder, Hunt and Bentley",11,12,471,2,0,1
Ariana Dodson,Obrien-Rivera,8,19,231,3,0,1
Carla Paul,Nelson Ltd,22,12,261,6,0,1
Daniel Nguyen,Ward Group,11,19,115,0,0,0
Renee Friedman,"Walker, Garcia and Howard",1,5,45,3,0,0
Cristina Shaw,Jones LLC,2,15,108,9,0,0
Jasmine Barrett,"Anderson, Parrish and Morse",19,18,497,9,0,1
Garrett Pham,Lopez and Sons,49,1,102,6,0,0
Kendra Jones,Gordon and Sons,18,15,55,6,0,0
James Vargas,Lee-Johnson,3,3,478,3,0,1
Ms. Margaret Rich,"Fisher, Bowman and Sanders",2,16,375,6,0,1
Donna King,Haynes-Smith,9,17,456,5,1,1
Ryan Nelson,Powell-Conley,12,6,63,8,0,0
Jessica Harper,"Tucker, Schultz and Vasquez",49,18,76,1,0,0
Patrick Johnson,Andrade and Sons,18,4,155,5,0,0
Nathan Moon,"Sullivan, Ferguson and Jackson",8,3,487,4,1,1
Darren Freeman,Spencer and Sons,33,19,355,9,0,1
Eugene Gibson,Contreras Ltd,40,16,187,5,1,1
Lori Moore,Harrison PLC,4,10,442,9,0,1
Thomas Blackburn,Cummings PLC,25,17,294,3,0,1
Nathan Martinez,Walker-Brown,28,5,332,8,0,1
Austin Johnson,"Ochoa, Miller and Hendricks",4,10,105,3,0,0
Christopher Bennett,Price Group,42,17,97,3,0,0
Juan Rivera,Carter-Gilbert,6,9,414,5,1,1
Paul Davis,"House, Marks and Chapman",29,9,34,6,1,0
Amy Anderson,Kelly-Miller,30,15,45,6,0,0
Veronica Williams,Hernandez-Lopez,12,5,384,8,0,1
Gregg Doyle,"Watkins, Fry and Walker",1,14,416,4,0,1
Oscar Sanchez,Hamilton-Knight,6,13,328,0,0,1
Rebecca King,"Henson, Booth and Harrington",24,3,447,0,0,1
Jennifer Castillo,Chen and Sons,41,9,169,8,0,1
Victoria Brown,Chavez and Sons,7,15,146,5,0,0
Sydney Rice,Wilson-Allen,23,9,140,4,0,0
Pamela Romero,Wagner and Sons,3,1,89,7,0,0
John Gonzales,Morse-Butler,6,17,292,5,0,1
Rachael Glass,Barrett-Riddle,21,11,19,6,0,0
Jasmine Higgins,David Inc,35,6,283,9,0,1
Ann Brock,"Massey, Rowland and Lucero",14,2,388,7,1,1
Timothy Underwood,Calderon-Hahn,21,14,440,2,0,1
Michelle Carroll,Franklin Group,25,5,128,4,0,0
Cesar Crawford,Owen-Phillips,10,11,241,2,0,1
Alice Thompson,"Olsen, Williams and Hill",16,4,237,2,0,1
Kathleen Austin,Young Group,28,16,353,8,0,1
Fred Colon,Luna Inc,37,1,320,8,0,1
Bryan Hall,Leonard-Smith,31,15,47,1,0,0
Adrian Brooks,Wong and Sons,21,12,198,9,0,1
Jennifer Thompson,Hunt LLC,26,18,413,8,0,1
Eric Smith,"Turner, Ferguson and Green",5,7,190,9,1,1
Nancy Williams,Ward Group,17,6,444,6,0,1
Lisa Reyes,Brown Ltd,24,14,105,1,0,0
Kari Guzman,Ruiz-Sanchez,26,7,244,6,0,1
Krista Jones,Thompson-Garcia,3,16,172,5,0,0
Stephanie Yoder,Macdonald-Summers,34,8,265,2,0,1
James Burke,Bennett PLC,16,4,244,1,1,1
Christopher Schmidt,Norris Ltd,1,19,375,4,0,1
Ann Gomez,Peterson Ltd,10,13,272,2,0,1
Erin Jensen,Sutton-Fry,17,10,227,4,0,1
Joel Duke,King-Williams,33,1,249,0,1,1
Cheryl Smith,Powell Ltd,40,15,235,7,0,1
Andrea Johnson,Ashley and Sons,26,13,145,3,1,1
Michael Rodriguez,Tucker and Sons,27,7,164,7,0,0
Mrs. Stephanie Armstrong,Davis Inc,5,10,263,3,0,1
Stephanie Gutierrez,"Brown, Nixon and Foster",30,6,321,9,0,1
Caroline Olson,Santos LLC,18,17,238,8,0,1
Barbara Robinson,Roberson Ltd,42,16,80,9,0,0
Danny Vega,Lee-Jackson,39,4,95,2,1,0
Darryl Marshall,Anderson-Krause,40,16,347,8,1,1
Nicole Jones,Smith-Copeland,31,19,112,1,0,0
Cameron Hall,Santana-Anderson,1,11,214,9,0,1
Reginald Lang,Ryan LLC,31,14,427,6,0,1
Amy Blankenship,Garcia-Spence,44,4,145,7,0,0
Madison Johnson,Smith PLC,34,14,286,1,0,1
Chelsea Jones,"Young, Williams and Johnson",23,15,15,2,0,0
Mary Walker,Martinez-Wyatt,43,6,303,7,0,1
Kristin Willis,"Jennings, Robinson and Anderson",10,15,188,4,1,1
Robert Townsend,Dawson-Baker,5,13,10,5,0,0
Francisco Riggs,Smith PLC,46,11,217,6,1,1
Ethan Johnson,Gardner-Martinez,27,4,43,6,0,0
Lori Zavala,"Mason, Merritt and Williams",26,2,50,1,1,0
Jessica Delgado,"Lewis, Hunter and Smith",15,7,21,2,0,0
Erik Obrien,Rios-Bryant,40,16,487,4,0,1
Ana Ramirez,White PLC,22,15,451,3,0,1
Mark Porter,"Cox, Cross and Shah",46,1,171,6,1,1
Kevin Hall,"Garrison, Lopez and Elliott",34,4,64,1,0,0
Tamara Murray,Sullivan-Smith,12,7,360,2,0,1
Jordan Patterson,Hill PLC,5,1,26,0,0,0
Gary Bird,Jones-Shaw,38,11,129,0,0,0
Shelly Vargas,Shannon Group,48,12,474,3,0,1
Joshua Lee,Morrow-Mullins,11,12,187,7,0,1
Randy Rivera,Beasley-Ramos,33,10,409,2,0,1
Omar Craig,"Vaughn, Adams and Henderson",3,5,70,9,0,0
Gerald Pierce,Mendoza and Sons,22,15,357,6,0,1
Matthew Oconnell,Ortiz and Sons,9,7,27,1,0,0
Cody Richardson,"Marshall, Jensen and Woods",33,12,319,5,0,1
David Hernandez,"Hayes, Grimes and Mendez",13,3,278,2,0,1
Ashley Johnson,"Brown, Singleton and Walsh",30,8,302,0,0,1
Michael Delgado,"Medina, Jacobs and West",10,16,428,3,1,1
Keith Travis,"Aguilar, Hill and Mckay",6,11,81,2,0,0
Alexandria Foster,Gordon LLC,24,6,337,2,0,1
Rachel Miles,"Meyer, Harrison and Carter",47,19,393,5,0,1
Traci Simpson,Hart-Rasmussen,2,13,168,9,1,1
Yolanda Phillips,Hudson Ltd,22,6,178,8,0,1
Sarah Willis,Hall-Murray,26,17,165,9,0,1
Eric Spencer,Morton-Pearson,11,19,459,1,0,1
James Chandler,Jordan-Norton,19,7,318,0,0,1
Rose Andrews,Burton and Sons,12,5,27,1,0,0
Debra Johnson,Thomas-Everett,26,8,317,9,0,1
Christopher Robertson,"Campbell, Jacobson and Murphy",29,18,172,4,0,1
Melissa Barnes,"Fitzpatrick, Bradley and Mcdonald",28,6,408,6,0,1
Nichole Barron,Wolfe-Moore,9,13,355,2,1,1
Natalie Vega,Morris Inc,38,11,80,4,0,0
Sarah Potter MD,Maldonado Inc,30,8,334,2,0,1
Juan Diaz,Davis-Allen,7,5,497,1,0,1
Steven Sanchez,"Jenkins, Miles and Jensen",3,18,323,0,1,1
Fred Evans,Bowen Inc,26,14,145,9,0,0
Marcus Woods,Anderson LLC,25,5,54,0,0,0
Rebecca Crawford,"Miller, Hunt and Vargas",35,11,315,4,1,1
Walter Carter,Powell-Valdez,10,13,98,9,0,0
Tammy Pena,"Martin, Shields and Allen",14,18,267,2,0,1
Laura Brown,Stephens Inc,24,19,480,5,0,1
Phillip Velasquez,Craig-Perez,46,7,496,2,1,1
Michael Lopez,"Durham, Keith and Moore",6,5,254,5,0,1
Jessica Vazquez,"Brown, Morales and Johnson",34,12,372,7,0,1
Brandon Ramsey,"Holland, Gay and Lopez",45,17,450,9,1,1
Courtney Brown,"James, Powell and Yu",2,10,131,4,0,0
Amy Parks,Campbell Ltd,44,18,208,4,0,1
Michael Stewart,"Morrison, Cooley and Gonzalez",41,15,314,0,0,1
Robert Schaefer,"Webster, Patton and Graham",21,14,319,5,0,1
Joel Ashley,"Hernandez, Davenport and Valenzuela",21,17,141,0,1,1
Michael Medina,Tate Inc,43,14,451,6,1,1
Steven Rivera,Brown PLC,22,12,202,3,1,1
Theodore Davis,"Williams, Moore and Duncan",28,19,170,6,0,1
Craig Ford,Hernandez and Sons,2,13,164,5,0,0
Bruce Nielsen,Miller-Hill,45,10,417,6,0,1
Joel Ingram,"Williams, Diaz and Franklin",35,3,325,5,1,1
Joy Mitchell,Chen Inc,45,7,451,8,0,1
Brittany Cooper,Dean LLC,37,11,143,5,1,1
Debra Walker,Snow-Rivers,26,14,285,7,0,1
Theodore Warner,Rivera Inc,16,10,19,4,0,0
Crystal Hoffman,Stephens-Moore,14,17,467,8,0,1
Angela Daniel,Bryan Inc,33,12,323,4,0,1
Mr. Kevin Rivas,Johnson-Johnson,5,12,173,1,0,0
Emily Carpenter,Terry Inc,19,16,480,8,1,1
Alan Eaton,"Johnson, Young and Griffith",18,8,39,0,0,0
Caitlin Knight DVM,Aguilar Ltd,35,16,360,2,0,1
Kathleen Hawkins,"Gibbs, Brown and Perry",48,16,400,8,0,1
Hannah Cruz,Gutierrez PLC,44,5,298,1,0,1
Linda Hill,Patterson-Hill,22,16,161,5,1,1
Eric Rose,Jones-Bell,20,8,283,7,0,1
Angela Levine,Vance-White,26,18,151,3,1,1
Victor Fernandez,Maldonado Inc,46,19,221,2,1,1
Margaret Mitchell,Bass PLC,36,9,132,1,0,0
Sarah King,Banks Ltd,11,14,127,1,0,0
Jennifer Miller,"Martin, Collins and Walton",15,5,467,0,0,1
Selena Garcia,"Robinson, Sanchez and Chen",21,12,272,8,0,1
Anthony Adams,"May, Vazquez and Brennan",9,4,195,0,0,1
Susan Preston,Stewart-Mcbride,33,12,415,5,0,1
Sandra Hernandez,Foster-May,41,3,406,4,1,1
Joseph Richardson,Sanchez-Madden,31,17,131,3,0,0
Lindsey Mccann,"Jackson, Wilson and Smith",34,5,490,7,0,1
Rachel Smith,"Hansen, Gomez and Moore",22,15,90,4,0,0
Patricia Bray,"Hernandez, Woods and Turner",34,1,144,6,0,0
Jack Harvey,Brown-Sanchez,34,10,382,8,0,1
Brianna Moreno,Hughes LLC,2,16,203,3,0,1
Michelle Jordan,Oliver-Hicks,33,7,341,9,1,1
Stephanie Simon,"Torres, Sherman and Weber",43,11,270,8,0,1
Jennifer Vasquez,Miranda Ltd,4,7,279,9,0,1
Angela Peters,"Molina, Anderson and Everett",19,13,361,0,0,1
William Bailey,Jefferson-Howard,31,6,187,8,0,1
Lindsey Cooper,Guerrero-Bryan,26,17,191,4,0,1
Jasmine Murillo DDS,Washington-Miller,19,8,296,1,0,1
Brittany Hernandez,Williams-Martinez,45,16,373,8,0,1
Adam Lee,Reed Group,45,5,203,4,0,1
Robert Davis,"Savage, Smith and Johnson",23,1,275,0,0,1
Jackson Mcconnell,Vega and Sons,49,3,464,7,0,1
Christopher Gonzalez,"Stewart, George and Mccoy",21,6,247,3,0,1
Karen Esparza,Gonzalez LLC,31,10,62,1,0,0
Melissa Brown,"King, Cooley and Henderson",9,15,363,3,0,1
Kim Dennis,"Allen, Warner and Curry",7,14,316,2,1,1
April Taylor,"Patterson, Fleming and Tanner",11,2,77,8,1,0
Chad Johnson,"Cummings, White and Miller",6,12,338,1,0,1
Ariel Shepard,Figueroa and Sons,19,2,420,8,0,1
Allison Andrade,"Joseph, Case and Smith",15,5,104,6,0,0
Chelsey Chen,Hall-Fisher,4,2,428,5,0,1
Teresa Lyons,"Martin, Ford and Garcia",33,9,194,0,0,1
Jon Martin,Thompson-Sullivan,24,13,185,6,0,1
Jose Young,Wallace-Anderson,6,17,227,4,0,1
Megan Stewart,Wilson-Salazar,33,15,479,6,0,1
Mrs. Jacqueline Rivera DDS,"Patton, Miller and Cummings",24,9,462,4,0,1
Ana Dawson,Clark-King,23,8,489,2,0,1
Ashley Lee,Lane Inc,37,1,195,7,1,1
Matthew Houston,Lopez PLC,48,6,397,9,1,1
Alan Cole,Potter-Lowe,26,7,275,8,0,1
Wendy Mccann,"Preston, Neal and Trevino",45,16,15,1,0,0
Tyler Wood,"Ramirez, Foster and Vasquez",46,13,291,0,0,1
Kevin Lawson,Pitts-Murray,19,19,152,7,0,0
George Santos,Bishop Ltd,8,19,249,4,0,1
Brittany Black,"Martin, Foster and Collins",12,7,402,5,1,1
Catherine Stewart,Rios-Fowler,10,12,496,0,0,1
Lee Allen,Lee-Walters,48,19,318,3,0,1
Erica Woods,"Morales, Williams and Miller",3,17,42,6,0,0
Richard Garza,Floyd PLC,46,2,384,4,1,1
Ryan Sharp,Hickman Ltd,19,2,166,2,0,0
Melissa Gardner,Smith-Collins,30,13,138,4,1,1
Pamela Leonard,Cohen and Sons,24,13,425,7,0,1
Michael Lee,Williamson LLC,38,13,475,5,0,1
Sandra Bennett,"Williams, Tucker and Richards",48,6,381,1,0,1
Vanessa Green,"Hale, Kennedy and Davis",39,13,155,5,0,1
Jordan Myers,Walker and Sons,32,3,173,4,0,1
Tiffany Williams,Jefferson Inc,43,10,239,4,0,1
William Goodman,Anderson-Johnson,10,16,210,3,0,1
Sandra Lang,"Jones, Jones and Bennett",31,5,17,7,0,0
Jon Stout,"Hicks, Hawkins and Randolph",42,1,273,1,0,1
Alexis Cline,Oliver and Sons,7,2,11,3,1,0
Calvin Figueroa,"Howell, Herrera and Carson",38,14,398,5,0,1
Monica Kirk,"Wright, Carpenter and Villarreal",47,1,484,4,1,1
Erica White,"Gray, Maldonado and Maddox",31,13,334,1,1,1
Thomas Moore,"White, Hudson and Coleman",10,13,165,2,0,0
Debra Bennett,"Foster, Reese and Smith",29,14,467,9,0,1
Phillip Martin,"Barr, Howard and Long",35,3,267,0,1,1
Katrina Barnett,Howard Group,26,18,211,6,0,1
Lisa Gonzalez,"Baker, Holland and Cox",17,9,118,8,1,0
Christopher Swanson,Bradley LLC,43,13,248,4,0,1
Marvin Burnett,White PLC,28,16,85,9,0,0
Alison Simpson,Daniel LLC,23,15,167,2,0,1
Alexandra Nelson,Leon and Sons,10,19,151,7,0,0
Dawn Olson,Cooper-Brown,18,4,486,8,0,1
Allen Ball,Olson Inc,40,13,96,7,1,0
David Werner,Walls-Pham,5,4,199,7,0,1
Lauren Smith,"Dawson, Lee and Lopez",34,8,76,4,1,0
Michael Wood,Johnson Ltd,32,16,10,4,0,0
Erica Carson,"Blair, Grimes and Wang",26,2,468,4,0,1
John Jackson,Taylor-Boyd,44,1,223,8,1,1
Kevin Hodge,Vaughn-Salazar,43,8,75,8,0,0
Teresa Noble,Allen-Wells,6,7,101,7,0,0
Alicia Fuentes,"Burke, Moon and Pittman",22,6,368,0,0,1
Michelle Parks,Kelly-Allen,28,8,96,0,0,0
Cynthia Collins,Reeves-Smith,44,3,477,0,1,1
Kimberly Jenkins,"Garcia, Hamilton and Cooke",45,10,376,3,0,1
Clifford Perez,Walters LLC,48,13,153,0,0,1
Amanda Horn,Padilla LLC,34,16,403,9,0,1
Michelle Davis,Kelly-Sparks,30,17,137,1,0,0
Cynthia Taylor,"Fritz, James and Benson",10,16,179,9,1,1
Crystal Hatfield,Wheeler-Taylor,35,1,301,6,1,1
Nicole Brown,King Group,18,2,316,2,0,1
Donald Grant,Blake LLC,1,18,244,7,0,1
Andrew Rodriguez,Cantrell-Russell,9,6,49,4,0,0
Jeffrey Butler,"Parker, Castillo and Marshall",19,7,323,3,0,1
Betty Baldwin,Foster PLC,24,11,338,2,0,1
Nancy Carpenter,"Summers, Melendez and Perez",25,9,409,7,0,1
Sharon Adkins,Dunlap Group,34,6,196,3,0,1
Jeffrey Estrada,"Fox, Santos and Murray",34,2,481,0,0,1
Donald Flores,Walters Inc,21,7,446,4,0,1
Stephanie Underwood,Schmidt LLC,6,18,426,0,0,1
Rachel Ruiz,Sanchez Ltd,15,2,497,8,0,1
Lori Johnson,"Cannon, Crawford and Frederick",28,7,278,3,0,1
Michael Cortez,"Foster, Bauer and Johnson",10,14,80,4,0,0
Sophia Smith,"Mccarthy, Jones and Dunn",11,15,114,7,0,0
Mr. Douglas Weaver,Burnett-Cook,36,7,222,8,0,1
Kayla Smith,Haas and Sons,15,1,285,1,0,1
Lisa Cook,Campbell-West,25,10,424,8,0,1
Mr. Joshua Hampton,Moore-Simmons,30,4,224,5,0,1
Andrew Hill,Moore-Lloyd,43,1,150,7,1,1
Tammy Floyd,Mullins-Cunningham,43,6,459,1,0,1
Yesenia Smith,Simpson-Bailey,13,6,270,4,0,1
Benjamin Moore,Morales-Herrera,11,16,290,9,0,1
Maria Roberts,"Barrett, Wilson and Chapman",36,15,305,8,0,1
Patrick Adams,Clarke LLC,2,13,374,0,0,1
David Edwards,"Aguilar, Gonzales and Greer",38,14,202,7,0,1
Daniel Riggs,Mccullough-Guerrero,3,13,56,7,0,0
Katrina Wright,"Hansen, Lee and Rivera",30,11,232,1,0,1
Denise Wilson,"Gibson, Brock and Johnson",34,2,390,3,1,1
Kelly Shelton,"Sanchez, Young and Bell",47,15,86,1,0,0
Kelly Miller,"Herrera, Spence and Singh",24,4,441,5,0,1
Joseph Haynes,Christian Inc,22,1,111,0,0,0
Colton Hall,Ramirez-Hill,15,17,320,2,0,1
Miranda Ward,"Wright, Garcia and Martinez",17,9,397,2,0,1
Jamie Ferguson,Anderson LLC,10,16,24,1,0,0
Derek Murillo,Perez Ltd,4,18,191,0,1,1
Rachel Copeland,"Hart, Nelson and Fernandez",41,11,172,2,0,1
Chelsea Gonzalez,White-Brown,36,4,194,6,0,1
Kenneth Blair,"Murillo, Hughes and Guzman",18,11,25,2,0,0
Dr. Karen Turner,Gonzales PLC,3,6,115,9,0,0
Sandra Lambert,Morgan Inc,2,19,70,1,0,0
Amy Collins,"Hoffman, Rodriguez and Castillo",1,8,433,6,0,1
Julie Todd,"Johnson, Rich and Gregory",25,9,431,3,0,1
Natalie Carlson,Carpenter Group,36,13,354,4,0,1
Kelly Ward,"Rice, Johnson and Miller",28,15,462,8,0,1
Emma King,"Smith, Hale and Lloyd",13,8,482,9,0,1
Jeffery Booker,"Mcguire, Thompson and Mason",46,8,183,7,0,1
Amy Clements,Roth-Cruz,40,3,265,5,1,1
Jeffrey Wright,Thomas Inc,25,18,112,0,1,1
Angie Morris,"Lucas, Parker and Campbell",22,7,119,0,1,0
David Henson,"Cardenas, Ramirez and Massey",49,5,358,3,0,1
Kevin Valentine,"Erickson, Thomas and Perez",14,13,65,2,0,0
Stephanie Townsend,Smith-Nixon,31,1,55,5,0,0
Darius Stephens,"Jones, Dunn and Simpson",18,14,46,5,0,0
Janet Marsh,Schwartz Group,24,3,178,0,0,1
Christine Campos,Daniels Group,29,12,132,4,0,0
Jerry Rogers,Johnson-Robinson,22,17,151,2,0,0
Amber Stevens,Flowers and Sons,33,8,468,4,1,1
Gregory Fox,"Wilkinson, Nelson and Jones",42,19,376,7,0,1
Anthony Simmons,Morales Ltd,32,3,350,8,0,1
Michael Le,"Patrick, Nguyen and Vaughan",45,14,231,2,0,1
Chelsea Steele,Jones LLC,5,18,409,6,0,1
Jeremy Lucas,Deleon LLC,11,6,287,9,0,1
Dawn Brooks,"Trujillo, George and Lopez",10,19,399,1,0,1
Amy Green,Green and Sons,47,9,50,7,0,0
Jodi Walker,"Montes, Marshall and Hart",17,11,441,5,0,1
David Gordon,Brown and Sons,19,2,134,6,0,0
Jacqueline Holland,Owens-Miller,27,16,490,1,0,1
James Bush,Mora-Jenkins,48,11,112,5,0,0
Timothy Allen,"Young, Santos and Gardner",42,8,103,2,0,0
Theodore Scott PhD,"Curry, Stewart and Hawkins",13,4,449,1,0,1
Diane Evans,Snyder-Martin,14,19,218,3,0,1
Meghan Gibbs,"Williams, Miller and King",28,4,44,9,1,0
Paul Yates,Gonzalez-Lee,28,6,166,8,1,1
Diana Buckley,Castillo-Watkins,47,8,206,5,0,1
Timothy Johnston,Ward-Ashley,45,4,24,7,1,0
John Adams,"Garza, Clarke and Jackson",18,12,485,1,0,1
Priscilla Perez,Parker-Moon,15,11,150,6,0,0
Aaron Hill,Wallace-Horne,18,11,152,8,1,1
Barbara Smith,James-Barajas,3,2,266,5,1,1
Jessica Hendricks,"Bailey, Mosley and Griffith",18,12,185,8,0,1
Ashley Brady,Cooper-King,28,1,265,8,0,1
Jacob Russo,Cunningham LLC,35,11,365,0,0,1
David Cowan,"Blackburn, Campbell and Jensen",28,2,94,3,0,0
Gerald Holmes,Blankenship Group,34,17,59,2,0,0
Mark Tucker,Smith LLC,7,7,73,8,0,0
Lisa Figueroa,Rodriguez PLC,42,12,79,6,0,0
Christina Obrien,Wallace-Crane,42,9,469,4,0,1
Jon Hernandez,"Martinez, Maldonado and Benitez",26,2,27,5,0,0
Isaiah Clarke,Cook-Soto,34,7,346,6,0,1
Pamela Cox,Hoffman-Morris,30,17,86,9,0,0
Nicholas Small,"Parker, Lee and Schroeder",27,12,202,8,0,1
Timothy Roberson,"Johnson, Garza and Gonzalez",11,2,411,2,0,1
Jonathan Carroll,Nunez Ltd,40,12,124,7,0,0
Mary Romero,Nolan and Sons,20,19,61,8,0,0
Matthew Reynolds,English Inc,35,8,134,7,1,1
Christopher Perez,"Chambers, Warren and Curry",21,1,480,3,0,1
Joseph Zavala,Kennedy-Clark,36,16,159,6,0,1
Amy Simpson,"Barnes, Smith and Carr",25,12,115,5,0,0
Dr. Victor Barron MD,"Moore, Phelps and Morgan",27,18,259,0,1,1
Antonio Coffey,Blanchard Ltd,13,3,198,7,0,1
Anthony Huber,Palmer-Johnson,33,7,100,6,0,0
Shane Hickman,Yates-Haney,29,12,170,6,0,1
Michael Smith,Salazar-Brown,21,5,312,7,0,1
Phillip Dickerson,"Howard, Rodriguez and Smith",37,7,346,0,0,1
Carly Blackburn,"Gardner, Arellano and Lee",41,15,17,3,0,0
Julie Hill,Campbell Ltd,49,10,355,6,0,1
Eric Johnson,Lee-Jackson,1,3,281,5,0,1
Candace Thompson,"Munoz, Hughes and Harris",41,13,178,8,1,1
Jennifer Allen,Davidson-Price,32,6,83,6,0,0
Nicholas Johnson,Adams Inc,26,4,220,0,0,1
Lisa Ford,"Boyd, Pittman and Jones",27,9,106,8,0,0
Charles Blake,"Campbell, Hardy and Foster",49,8,428,9,0,1
Mrs. Wendy Perez,Thompson PLC,22,9,109,6,0,0
Alexander West,Bennett Inc,23,15,229,9,0,1
Julie Proctor,Stone-Bennett,49,18,462,0,0,1
Robin Woods,Robinson LLC,30,18,314,6,0,1
Lisa Watts,"Anderson, Mejia and Blair",35,11,153,6,0,0
Laura Gomez,Thompson Group,42,12,350,4,0,1
Catherine Powell,Lee and Sons,20,14,290,9,0,1
Mr. Roger Stone,Thomas and Sons,43,17,425,0,0,1
Rebecca Herman,Martin PLC,9,6,322,0,0,1
Mrs. Carol Clements,Kirk-Spencer,47,6,418,4,0,1
Natalie Simmons,Terrell-Mclean,44,17,315,7,1,1
Christopher Gross,Mitchell-Wilcox,6,9,402,4,0,1
Matthew Rivera,Simpson-Phillips,9,14,145,6,0,0
Cheyenne Robinson,Armstrong PLC,15,16,82,7,0,0
Teresa Tyler,Sanders-Baker,46,3,311,3,0,1
William Freeman,"Garcia, Maxwell and Cobb",8,5,17,2,1,0
Nicole Diaz,Clay-Serrano,17,7,14,0,0,0
Alexis Reynolds,Mason Ltd,10,11,426,3,1,1
Grace Jackson,"Franklin, Reyes and Gonzalez",38,7,463,5,1,1
Amber Lopez,Tucker-Estrada,25,6,141,5,1,1
Chase Hernandez,"Dunlap, Morris and Burns",3,12,321,1,0,1
Ashley Tucker DVM,Mitchell PLC,28,4,485,9,0,1
Bryan Robles,Adams-Love,45,11,22,1,0,0
Brian Smith,Hudson Ltd,41,19,212,4,0,1
Robert Garcia,Rodriguez-Watkins,45,10,40,7,0,0
Charles Morris,"Hanson, Dixon and Robertson",33,13,318,0,0,1
Ashley White,Johnson LLC,26,16,32,7,0,0
Kayla Beasley,Myers-Jones,24,1,441,3,0,1
Krystal Daniels,Eaton LLC,42,6,33,3,0,0
Rebecca Jimenez,Dunn-Smith,6,5,430,1,0,1
Alexis Coleman,Rodriguez-Meyer,47,18,170,2,0,1
Stephanie Martin,"Brown, Choi and Flores",3,19,76,7,1,0
Isaiah Taylor,Richardson LLC,39,17,451,3,0,1
Kristin Kerr,Taylor-Jarvis,13,13,274,4,0,1
Carl Pugh,"Barr, Cabrera and Hall",44,7,134,3,1,1
Dawn Fowler,Trujillo-Hill,8,4,402,0,0,1
Leah Turner,"Elliott, Johnson and Hendricks",5,2,117,3,0,0
Andrea Sloan,"Hopkins, Rowland and Miller",46,8,356,7,0,1
Felicia Larson,"Martin, Pena and Greene",10,11,148,1,0,0
Amy Lee,"Banks, Smith and Boyd",28,9,391,0,1,1
Larry Hernandez,Richards-Choi,16,4,244,0,0,1
Brandon Smith,"Larsen, Smith and Woods",22,4,219,3,0,1
Steven Fernandez,Barrett Ltd,31,2,347,1,0,1
Kaitlyn Gibson,Bradley PLC,43,5,53,1,0,0
Virginia Smith,Richardson Inc,16,2,395,2,0,1
Steven Blankenship,"West, Ayala and Lewis",15,19,105,2,0,0
Catherine Blankenship,Richard-Hatfield,12,13,48,7,0,0
Jacob Franklin,Mcbride and Sons,43,13,375,2,0,1
Calvin Schmidt,Thomas PLC,4,1,494,0,0,1
Kevin Garcia,Mccall-Hendrix,20,8,136,0,0,0
Michelle Davenport,Gutierrez-Guerrero,11,8,208,7,0,1
David Hernandez,Olson LLC,2,8,20,2,0,0
Amanda Brown,"Price, Ryan and Jacobs",7,5,104,8,1,0
Jennifer Beard,"Robinson, Franklin and Collins",33,3,413,5,0,1
Patricia Werner,Swanson LLC,43,3,103,1,0,0
Sharon Harmon,"Ryan, Grant and Graves",1,16,409,0,0,1
April Lester,Barnett-Phillips,21,19,16,2,0,0
Angela Todd,Hunt-Pope,12,19,382,2,0,1
Felicia Hill,Williams-Knox,3,15,161,7,0,0
Amber Chapman,Harris-Phillips,46,7,120,6,1,1
Catherine Hall,Jordan-Perez,17,6,35,6,0,0
Jennifer Thompson,Willis-Smith,2,8,489,8,1,1
Wendy Fuentes,Daniel-Williams,15,2,403,2,0,1
Jenna Collins,"Burton, Kerr and Trevino",14,5,296,4,0,1
Michelle Mueller,Rodriguez-Gregory,49,8,165,9,0,1
Kathryn Garcia,"Johnson, Miles and Zavala",35,4,195,9,0,1
Leon Jackson,Wong-Swanson,10,7,226,2,0,1
Natasha Harris,Fernandez Inc,21,19,369,2,1,1
Wayne Schneider,Ramirez Group,28,17,486,0,0,1
Wayne Burton,"Clark, Jimenez and Brown",2,14,483,6,1,1
Jessica Mendoza,"Weaver, White and Nelson",34,3,162,9,1,1
Diana Small,"Baker, Case and Ritter",46,5,18,8,1,0
Stephanie Carr,Johnston-Clark,41,12,400,0,0,1
Mary Webb,"Wood, Strong and Nguyen",16,1,375,3,1,1
Katherine Olson,Vega-Solis,20,3,242,5,0,1
Jordan Pena,Hernandez-Collins,7,14,437,4,0,1
Robin Martinez,"Morales, Caldwell and Ward",14,19,104,4,0,0
Lauren Villarreal,"Singleton, Miles and Day",22,11,266,0,0,1
Julia Rosario,Wong PLC,17,5,45,1,0,0
Brittany Robinson,"Parker, Moss and Schmidt",23,8,74,0,0,0
Tiffany Garcia,"Oneill, Rodriguez and Norton",38,15,39,3,0,0
Donna Bell,Woodard-Johnson,40,10,485,4,0,1
Tim Cox,Short PLC,30,9,52,9,0,0
Sean Martin,King-Becker,42,19,196,8,0,1
Maria Smith,Lee PLC,17,13,133,7,0,0
David Sparks,Perez Group,35,8,334,7,0,1
Jason Johnson,"Crosby, Jackson and Sutton",19,19,210,3,0,1
Jacqueline Williams,"Lowery, Weiss and Taylor",42,5,329,3,0,1
Kristin Rich,Rodriguez-Wilson,9,16,373,0,0,1
Nicole Hendricks,"Perez, Charles and Kennedy",15,1,393,8,0,1
Suzanne Ayers,"Brown, Taylor and Wright",23,5,419,1,0,1
Kathryn Cabrera,"Carey, Thompson and Reynolds",19,15,74,8,0,0
Angel Gonzalez,Perry LLC,17,1,298,1,1,1
Joshua Powers,Newman Ltd,16,18,341,5,0,1
Jordan Burgess,Dalton-Perez,11,18,281,4,0,1
Robert Smith,"Martin, Hansen and Stewart",30,6,84,8,0,0
Colleen Barnes,Torres-Wall,36,3,477,1,0,1
Javier Henderson,Johnson-Brown,34,3,150,1,0,0
Latoya White,"Davis, Thompson and Glass",43,16,12,3,0,0
Edward Holden,Smith-Woods,18,7,271,4,1,1
Robert Henderson,Moore LLC,22,15,74,6,0,0
Scott Sims,"Sampson, Cobb and Moses",23,13,324,6,0,1
Lisa Ingram,Gibson PLC,40,11,25,6,0,0
Glen Zimmerman,"Parker, Edwards and Chambers",44,19,455,7,0,1
Laura Bell,"Carlson, Horn and Clark",11,10,43,5,0,0
Deanna Jackson,"Stevens, Oliver and Gutierrez",26,12,265,8,0,1
Brenda Miller,"Hopkins, Meadows and Schultz",3,14,403,7,0,1
James Leon,Williams Group,25,12,251,4,0,1
Tyler Clayton,Warren LLC,22,4,136,5,0,0
April Casey,"Taylor, Robertson and Harris",16,2,365,5,0,1
Colton Martinez,Williams-Trujillo,33,16,70,1,1,0
Danielle Jackson,"Smith, Patton and Aguilar",44,8,378,6,0,1
Kendra Terrell,Ford Group,12,12,58,2,0,0
Jessica Moore,Schroeder Group,47,2,413,1,0,1
Trevor Smith,Torres-Soto,38,14,28,6,0,0
Melissa Guerrero,Johnson-Bray,31,3,498,1,1,1
Monica Schwartz,Hill-Walker,25,12,437,2,0,1
Richard Williams,White-Anderson,38,3,451,2,0,1
Kari Baker,Wright PLC,42,17,471,1,0,1
Eric Glover,"Chandler, Frazier and Dougherty",36,12,324,9,0,1
Luke Smith,Whitney Group,23,9,163,6,0,0
Laura Davidson,"Cook, Roman and Mccann",40,4,492,2,0,1
Zachary Burke,Franklin-Bell,29,9,354,6,0,1
James Johnson,"Peters, Chandler and Lee",29,8,334,3,0,1
Antonio Wilson,"Hill, Townsend and Lawrence",29,2,391,7,1,1
Gregory White,Dunn Ltd,22,8,238,9,0,1
Deborah Perez,Massey-Vargas,5,17,86,1,0,0
Kristen Sandoval,Gardner Ltd,8,2,41,9,1,0
Tammy Kramer,"Pearson, Davis and Atkins",12,19,295,6,0,1
Tammy Curtis,Bentley-Johnson,34,3,204,3,0,1
Suzanne King,Williamson-Hammond,28,10,272,1,0,1
Tara Smith,Daniel Group,29,10,201,1,0,1
Jason Palmer,Smith PLC,6,17,123,8,1,0
Dana Wilson,Walls-Brown,20,11,347,5,1,1
Gregory Thomas,Sanders Group,46,14,357,5,0,1
Daniel Thornton,Barker-Price,46,1,198,4,1,1
Terri Sullivan,Holmes-Stanley,11,6,185,1,0,1
Stephen Turner,Williams-Stanton,33,1,16,2,0,0
William Griffin,"Shelton, Bauer and Day",39,7,207,9,0,1
Scott White,Garcia Group,24,19,283,7,0,1
Jack Patton,"Freeman, Gomez and Solis",7,4,487,0,0,1
Sandra King,Brown Group,24,1,499,2,0,1
Clinton Coleman MD,"Hunter, Simon and Roberts",29,13,226,0,0,1
Loretta Patrick,"Martin, Morales and Carrillo",28,14,153,0,0,0
Michael Mason,Delacruz and Sons,22,15,362,4,0,1
Debra Lowe,Morales and Sons,29,10,484,2,0,1
Shannon Lewis,"Payne, Mann and Harris",36,2,179,6,1,1
Gregory Williams,Thomas-Schneider,20,12,226,5,0,1
Jessica Gardner,Riddle PLC,7,18,439,0,0,1
Denise Scott,Soto Group,12,16,329,6,0,1
Ryan Brady,Kaiser Inc,47,8,275,4,0,1
Dr. Amanda Griffith,Oneill-Pollard,29,5,349,8,0,1
Tyrone Reynolds,Gardner-Gamble,41,15,108,3,0,0
John Waller,Bautista-Rocha,26,10,396,7,0,1
Peter Peters,"Davila, Wilcox and Hartman",31,19,67,8,0,0
Karen Reynolds,Hudson-Owen,43,14,151,6,0,1
Patricia Rhodes,Morris LLC,13,14,305,8,0,1
Jeffrey Cherry,"Sexton, Vasquez and Garcia",18,14,386,1,0,1
Ashlee Garcia,Atkinson LLC,46,13,237,5,0,1
Nicholas Davis,Neal-Baker,23,14,141,1,1,1
Sherri Gibson,"Cole, Harvey and Williams",19,15,19,2,0,0
Stacey Miller,Berg PLC,10,12,179,7,0,1
Sandra Long,Lopez Ltd,5,1,178,1,0,0
Roger Gonzalez,"Evans, Davies and Bishop",11,4,337,0,0,1
Kendra Williams,Baker Inc,46,7,188,1,0,1
Kelly Mclean,Morse LLC,33,6,275,6,0,1
Lisa King,Lopez Ltd,44,16,206,0,0,1
Sara Pearson,Johnson-Harris,16,9,81,4,0,0
Maria Buckley,Taylor-Walker,46,13,435,4,1,1
Aaron Ruiz,Lopez-Hughes,12,16,41,7,0,0
Melissa Arroyo,Jones Inc,11,15,39,3,1,0
Melissa Williams,Greene-Anderson,36,7,169,8,0,1
Russell Rojas,Miller-Wood,27,8,52,4,1,0
Ann Garcia,Jenkins Inc,27,1,72,3,0,0
Angel Tucker,Gonzalez-Smith,38,16,140,8,0,0
Monique Perez,"Li, Sherman and Kaufman",35,10,266,1,0,1
Kendra Price,"Elliott, Young and Malone",6,6,203,1,1,1
Jason Daniels,Brooks and Sons,28,18,361,0,0,1
Johnathan Smith,Kennedy Inc,19,12,224,1,1,1
Anthony Mitchell,"Anderson, Lane and Jones",37,13,137,0,0,0
Allen Kline,Hurst PLC,18,4,194,3,0,1
Sean Avery,Smith-Eaton,45,4,356,6,1,1
Bruce Mitchell,Kennedy Inc,28,10,141,9,0,0
Jennifer Walker,Alexander-Ortiz,14,6,323,9,1,1
Laura Gutierrez,Vargas-Byrd,38,6,226,6,0,1
Richard Ward,"Palmer, Rice and King",19,8,357,3,0,1
Sandra Cunningham,Lambert-Fields,47,14,111,7,0,0
Christopher Dixon,Hernandez Group,45,8,162,2,0,1
Joshua White,Robinson-Smith,49,1,305,0,0,1
Marie Cox,Brown and Sons,2,7,493,5,0,1
Elizabeth Cooley,Montgomery and Sons,1,9,405,4,0,1
Sheila Dean,"Williams, Williams and Johnson",33,10,34,0,0,0
Alex Brown,"Johnson, Walker and Bowman",46,14,399,2,0,1
James Carpenter,Wright-West,12,19,486,1,0,1
Joseph Robinson,Rodriguez and Sons,3,5,327,2,1,1
Katherine Gallagher,Whitaker-Landry,41,8,341,9,1,1
Isaac Matthews,Smith Group,37,9,347,7,0,1
Bailey Whitney,"Evans, Jones and Rodriguez",13,12,225,9,0,1
Felicia Gomez,Rice-Butler,18,4,172,0,0,0
Haley Ruiz,Choi-Rodriguez,16,18,313,0,0,1
Kristen Carter,King-Torres,42,17,57,8,0,0
Sarah Chapman,"Arnold, Scott and Skinner",33,18,238,6,1,1
Kristopher Hayes DDS,"Douglas, Boyd and Moore",40,14,496,8,0,1
Bethany Rodriguez,"Thomas, Barnes and Le",22,19,221,4,0,1
Steven Griffith,"Garcia, Fuller and Vang",43,8,13,3,0,0
Wesley Lopez,"Martinez, Arnold and Ramirez",31,17,151,3,0,0
Barbara Mcdonald,Simpson-Oliver,40,5,30,8,0,0
Johnny Anderson,Schneider PLC,30,5,409,8,0,1
David Miller,"Ortiz, Farley and Zimmerman",19,3,214,2,1,1
Kayla Cruz,"Cline, Werner and Hart",47,15,414,8,0,1
Stephanie Sanchez,Martinez-Young,32,13,271,7,1,1
April Leblanc,Anderson PLC,26,7,191,6,1,1
William Hall,"Vaughn, Nelson and Buchanan",12,8,383,0,0,1
Leah Trujillo MD,"Bailey, Martin and Brooks",33,12,260,9,0,1
Anthony Morgan,Brown and Sons,30,19,396,9,0,1
Henry Wagner,"Bradley, Barker and Neal",35,4,71,7,1,0
Stephanie Gray,"Noble, Blake and Marquez",47,6,103,2,0,0
Wendy Mason,Dunn Ltd,49,7,56,6,1,0
Robert Jones,Padilla Ltd,3,8,329,9,0,1
Robert Scott,Pham-Smith,33,9,449,0,0,1
Jeffrey Vargas,"Collins, Edwards and Powers",20,10,316,8,1,1
Rachel Barnes,"Hill, Stone and Williams",45,8,318,3,0,1
Greg Clayton,"Lee, Boyle and Allen",1,11,131,6,0,0
Jamie Barrera,Rowland PLC,27,14,310,0,1,1
Edwin Lee,Owens-Mccarthy,36,3,339,0,0,1
Paul Martin,Maxwell and Sons,49,6,375,2,1,1
Brian Walker,"Alexander, Rodriguez and Kirby",49,4,318,3,1,1
Jessica Stone,Davis-Smith,34,10,99,3,0,0
Jared Williams,Mosley LLC,11,4,317,9,0,1
Henry Steele MD,Walter-Ortega,1,17,348,6,0,1
Shawn Smith,Herring PLC,17,7,282,6,0,1
Joshua Johnson,Ortiz-Barnes,46,1,362,7,1,1
Daniel Shaffer,Mcdonald LLC,20,5,486,3,0,1
Julie Gonzalez,"Hall, Bradford and Sellers",12,16,266,3,0,1
Kelli Luna,"Ford, Allen and Moore",42,17,156,4,1,1
Tina Williams,Watts LLC,33,1,186,7,1,1
Nicholas Meyer,Wilkins-Davis,5,12,242,9,0,1
Peter Kim,Robertson Ltd,19,2,28,0,0,0
Matthew Mitchell,"Blankenship, Avery and Woods",14,4,185,4,1,1
Haley Torres,Ramirez-Rice,18,12,221,2,0,1
Carla Crawford,Hicks-Bates,6,2,411,2,0,1
Amanda Fowler,Reynolds LLC,36,12,57,5,1,0
Eric Nelson,Chapman LLC,20,5,344,9,0,1
David Williams,Ward PLC,33,15,328,2,0,1
Russell Garcia,Castaneda-Roberts,9,6,323,9,0,1
Joseph Franklin,Romero-Schwartz,21,11,69,9,0,0
Susan Sanchez,Sanchez-Gomez,18,13,343,8,1,1
Mary Hodge,"Griffin, Cohen and Perez",25,6,283,9,1,1
Sharon Compton,Gonzalez-Eaton,47,19,297,8,0,1
Sara Cowan,Knapp LLC,28,3,236,4,0,1
Keith Hopkins,"Harrell, Sellers and Snyder",35,12,279,3,0,1
Gordon Weaver,Johnson-Hammond,26,4,224,9,0,1
Christopher Campbell,Logan-Holmes,43,8,12,1,0,0
John Love,Nash-Duran,27,7,320,5,0,1
Matthew Dickerson,Pollard and Sons,20,3,336,5,1,1
Michael Manning,Morgan Inc,17,14,253,6,0,1
Victoria Clark,Clay-Rich,25,9,176,0,0,1
Jeffrey Waters,Jones-James,36,3,409,8,0,1
Richard Wagner,Watson and Sons,14,15,419,3,1,1
Lisa Butler,Davidson LLC,32,14,477,9,0,1
Paul Davis,Gamble PLC,18,15,140,0,0,0
Erik Randall,"Fisher, Castillo and Haney",31,6,225,3,0,1
Maurice Thomas,"Johnson, Johnson and Summers",5,14,174,4,0,0
Phillip Perez,Luna-King,8,1,484,8,1,1
David Ayala,"Ellis, Levy and Vargas",12,9,141,4,0,0
Jessica Hebert,"Gill, Hunter and Shaw",30,14,233,2,0,1
Michael Adams,Johnson Inc,5,18,192,1,1,1
Brittany Mckinney,Ellison-Patrick,40,4,198,1,0,1
Kelli Ramirez,Black LLC,17,11,273,2,0,1
Elizabeth Jenkins,Nguyen-Green,39,19,53,9,0,0
John Wilson,Smith-Jones,30,15,449,7,0,1
Abigail Saunders,"Barnes, Williams and Hubbard",24,16,46,0,0,0
Riley Ramirez,"Pineda, Dean and Norton",15,17,113,0,0,0
Kevin Barnett,"Trevino, Oliver and Jackson",43,7,86,3,1,0
Nancy Martin MD,Anderson-Crawford,5,17,487,9,0,1
Stephen Weber,Gomez LLC,3,15,207,5,0,1
Paul Garcia,Beck-Weiss,47,3,433,9,0,1
Anthony Walters,Taylor LLC,28,5,476,1,0,1
Dennis Jones,Garrett-Delgado,47,1,368,2,0,1
Joseph Sandoval,"Jones, Reynolds and Smith",14,13,425,3,0,1
Angela Fuentes,"Phillips, Johnson and Carrillo",25,10,204,4,1,1
Michael Francis,Chen Group,35,10,34,0,0,0
Bradley Garcia,Torres PLC,13,11,94,0,1,0
Stacey Beasley,Romero and Sons,13,17,495,5,1,1
Kimberly Lamb,Williams LLC,45,3,378,8,0,1
Melissa Stewart,Singleton and Sons,16,13,314,6,0,1
Samantha Boyd,"Contreras, Medina and Oneill",13,11,269,5,0,1
Kimberly Hood,Wilson-Barnett,6,3,442,7,0,1
Miguel Parker,Edwards-Green,13,4,91,6,0,0
Melissa Sanchez,Bishop-Knight,25,9,238,9,0,1
Vanessa Patel,Griffin PLC,43,19,152,7,0,1
Lisa Snyder,Chang-Hurst,34,18,283,5,0,1
Christopher Robinson,"Murphy, Mason and Harding",17,7,135,9,0,0
Sean Maxwell,"Obrien, Davenport and Grimes",10,7,313,6,0,1
Kevin Rodgers,Cook Inc,17,7,316,3,0,1
Deanna Phillips,Davis-Spencer,16,7,305,3,1,1
Joshua Nelson,Buchanan Ltd,48,19,320,7,0,1
Gina Flores,Pacheco and Sons,42,6,405,4,0,1
Diamond George,"Miller, Davis and Hickman",46,19,53,5,0,0
Howard Barrett,Butler-Watson,44,12,135,4,0,0
Michelle Duncan,Thompson Ltd,2,4,84,1,0,0
Justin Mckee,Mckinney LLC,48,2,158,3,0,1
Leslie Rogers,Wolfe-Salazar,23,6,415,4,0,1
David Clark,Martinez-Vargas,9,15,489,0,0,1
Jonathan Simmons,Carter and Sons,12,5,244,5,0,1
Destiny Doyle,"Jensen, Moore and Davidson",49,7,133,9,0,0
Stephanie Francis,"Lopez, King and Mcclain",32,5,74,2,0,0
Alex Kline,Mann Inc,36,14,484,7,1,1
Matthew Evans,Gordon-Ross,40,19,198,0,0,1
Casey Robinson,Patterson-Logan,43,2,45,4,0,0
Brandon Mays,"Hester, White and Hansen",15,4,95,1,0,0
Gregory Taylor,Yates Inc,44,18,350,6,0,1
Morgan Dunn,Dunn-Goodman,17,1,122,8,0,0
Jennifer Johnson,Collins and Sons,45,17,486,2,0,1
Ashley Hill,Atkins PLC,27,8,199,1,1,1
Jenny Cook,"Martin, Gomez and Armstrong",4,11,19,7,0,0
April Watson,Reid-Wright,44,4,411,6,0,1
Theresa Jones,Turner-Davis,24,7,250,1,1,1
Mario Heath,"Walters, Holmes and Garcia",40,7,61,3,0,0
Allison Hardy,Erickson-Vincent,11,14,345,7,0,1
Cory Ryan,"Warren, Ward and Villarreal",12,11,73,4,1,0
Casey Walker,"Winters, Hodge and Owens",2,18,54,9,0,0
Jonathan Torres,Gill-Mckee,24,16,349,2,0,1
Brian Navarro,"Schultz, Mullins and Mccarthy",6,8,19,4,0,0
Kathryn Griffin,Medina-Powers,20,8,386,5,0,1
Ann Anthony,Cook-Brown,35,15,108,8,0,0
Aaron Gonzales,Murray and Sons,22,13,485,1,0,1
Shelly Brennan,"Martinez, Manning and Harrison",47,19,436,2,0,1
Sharon Gonzalez,"Black, Perez and Booker",40,4,58,6,0,0
James Henderson,Hurst Group,38,7,329,4,0,1
Francisco Brown,Lester-Robbins,41,12,120,3,0,0
Charles Roberson,Terry-Foster,29,14,320,7,1,1
Frank Wheeler,Solomon LLC,49,2,59,1,0,0
Tammy Daniels,Nicholson Ltd,7,3,340,8,0,1
Michele Simpson,Delacruz PLC,38,12,64,8,0,0
Thomas Lang,Smith-Walker,17,8,309,0,0,1
David Wyatt,Hunt and Sons,4,3,113,9,1,0
Vanessa Chavez,Phelps Inc,40,18,10,1,0,0
Lisa Jennings,Bell-Eaton,36,5,228,3,1,1
Mary Lamb,"Lee, Lowery and Johnson",34,14,214,7,1,1
Anthony Rose,Smith-Velazquez,46,1,181,7,0,1
Derek Delgado,James Ltd,16,18,451,2,0,1
Amanda Gomez,Griffith-Young,38,10,482,9,0,1
Allen Johnson,Baird Ltd,16,3,211,7,0,1
Johnny Parks,Johnson Ltd,19,6,197,9,0,1
Paul Mosley,Richardson Group,32,14,222,8,0,1
Kimberly Walker,Diaz LLC,30,11,194,5,0,1
Joel Weber,Ellis and Sons,31,8,444,0,0,1
Christine Warren DDS,Evans Ltd,26,3,463,9,0,1
Sean Miller,Rice PLC,25,19,244,7,0,1
David Kim,James-Burns,49,17,459,8,0,1
Valerie Lynch,Richards and Sons,4,2,37,6,0,0
Angela Wade PhD,Coleman-Maxwell,48,9,349,6,1,1
Jessica Robinson,Prince-Richardson,42,14,55,6,0,0
Crystal Cruz,Green-Barnett,46,13,303,0,0,1
Adrian Frye,Morgan-Allen,14,6,469,7,0,1
Jeff Jennings Jr.,Smith PLC,40,10,413,2,0,1
Aaron Smith,Chan-Douglas,5,2,310,2,1,1
Robin Rollins,Ramos and Sons,40,1,462,3,0,1
Kevin Long,"Mcgee, Russell and Walker",48,15,206,2,0,1
Jessica Lambert,Park-Thomas,47,8,471,1,0,1
Beth Jones DDS,"Ward, Miranda and Roberts",36,12,74,4,0,0
Travis Guzman,Ross Group,14,19,436,3,1,1
Maria Baker,Torres-Rice,31,9,468,2,0,1
Michelle Huff,Miller PLC,46,5,134,0,0,0
Heather Rogers,Wyatt-Young,42,16,144,7,0,1
Rebecca Johnson,Hendricks Ltd,29,17,35,8,0,0
Kimberly Vaughn,Norton-Cook,6,10,480,3,0,1
Marisa Sanders,Roach Ltd,26,7,226,4,0,1
Tyler Hayden,Weber Group,14,2,361,8,0,1
Anna Evans,"Young, Martinez and Ellis",29,19,423,7,0,1
Jane Diaz,"Murray, Willis and Hubbard",24,6,92,4,0,0
Jennifer Hoffman,Chandler and Sons,26,15,278,8,0,1
Dean Harrison,"Perry, Holmes and Smith",34,13,93,0,1,0
James Farley,Morris LLC,15,16,106,9,0,0
Rachel Sanchez,Reid-Taylor,6,7,32,0,0,0
Jason Rivera,"Lewis, Wilson and Benson",45,6,225,5,0,1
Tammy Wright,Bender-Mendez,3,15,355,8,0,1
Kelly Lloyd,Summers-Martin,19,3,18,1,1,0
Mary Wright,"Cook, Martin and Morgan",1,5,254,5,0,1
Daniel Steele,Foster-Bullock,35,11,457,6,0,1
Nicholas Hinton,Keller Ltd,49,11,350,6,0,1
Alicia Woods,"Russell, Jones and Allen",44,2,368,0,1,1
Jennifer Roberts,Smith-Johnson,22,9,428,4,0,1
Lisa Green,Schwartz-Obrien,17,19,359,7,0,1
Michael Williams,"Howard, George and Wallace",18,12,218,5,0,1
Melanie Morton,Dixon-Williams,47,1,132,6,1,1
Kathleen Houston,"Mitchell, Williams and Jones",17,15,120,7,0,0
Michael Robinson,Swanson and Sons,42,14,442,2,0,1
Andre Harrington,Simmons Ltd,31,2,24,4,1,0
Clarence Lawson,Chang Ltd,5,18,52,0,1,0
Margaret Flores,Leon-Stewart,18,8,399,2,1,1
Robin Farley,Wright-Nelson,48,7,115,4,0,0
Amy Baldwin,Kennedy-Fields,15,14,460,9,0,1
Katherine Phelps,"Cooper, Welch and Hoffman",3,12,340,9,0,1
Cody Horn,Fischer Inc,28,17,404,5,0,1
Carl Hicks,Harvey LLC,15,12,168,4,0,0
April Whitehead,Kelly Inc,14,11,403,7,1,1
Jonathan Allen,Wright and Sons,31,18,316,9,1,1
Dennis Ochoa,"Johnson, Valdez and Hayes",39,14,361,0,1,1
Carl Jacobs,"Carpenter, Baldwin and Tyler",20,8,129,8,0,0
Susan Richardson,"Blankenship, Owens and Hartman",2,7,299,8,1,1
Alan Moore,Myers-Miller,20,11,209,8,0,1
Michael Thompson Jr.,Nunez Group,15,3,474,2,0,1
Kathryn Hansen,Calderon and Sons,44,7,422,7,0,1
Matthew Little,Shaffer Group,12,11,450,9,0,1
Sharon Hull,"Potter, Johnson and Marshall",34,18,396,6,0,1
Amber Perez,"Rice, Jones and Oliver",14,5,257,6,0,1
Tina Ruiz,Green-Hernandez,17,6,454,0,0,1
Steve Lyons,Reed-Webb,6,7,375,2,0,1
Austin Parker,Martinez PLC,38,6,64,2,0,0
Jason Garcia,Schmidt-Watkins,10,4,396,2,0,1
Carolyn Larson,Sharp Ltd,38,16,189,6,1,1
Misty Alvarado MD,"Cabrera, Williams and Clark",39,9,235,6,0,1
Danielle Hudson,"Garcia, Stephens and Miller",8,17,465,6,0,1
Leslie Scott,Alvarez-Wright,2,5,206,6,1,1
Todd Moss,"Trevino, Marshall and Rodgers",16,10,356,6,0,1
Timothy Ferguson,Ramirez Ltd,36,6,355,8,0,1
Aaron Diaz,Ellison-Smith,25,14,186,1,0,1
Sharon Brown,Reed-Thompson,15,15,81,8,1,0
Tyler Hamilton,Terry-Bernard,30,14,30,7,0,0
Gina Combs,Watkins Inc,35,5,248,1,0,1
Mark Gutierrez,Chaney-Bell,27,12,421,8,0,1
Antonio Gonzalez,Perez-Bright,48,2,484,7,1,1
Gary Chambers,Gregory-Miller,27,1,301,2,0,1
Stephanie Daniel,Harris-Lane,22,5,285,4,0,1
April Marshall,Lawrence-Cherry,15,14,461,4,0,1
Brittany Garcia,Hickman-Gilbert,45,18,304,0,1,1
Elizabeth Cole,Cruz Ltd,7,2,414,1,1,1
Deanna Huang,"Watkins, Mcintyre and Hoover",5,1,287,2,0,1
Annette Bowers,Carroll PLC,36,4,171,1,0,1
Cheryl Martinez,Patel-Trujillo,28,3,442,7,0,1
Pamela Johns,"Hall, Parker and Williamson",26,14,419,5,0,1
Brad Burke,"Kennedy, Charles and Hayes",44,11,245,0,0,1
Anthony Zuniga,Wagner-Griffith,14,18,458,5,0,1
Marcus Norman DDS,Johnson-Frost,11,15,105,4,1,0
Ashley Donaldson,Marquez-Harvey,11,4,395,1,0,1
Laura Miller,Grant-Lee,38,15,92,8,1,0
Karina Garcia,"Barrett, Murray and Cunningham",18,19,223,4,1,1
Kayla Jackson,Le-Dalton,14,9,441,8,0,1
Stephanie Case,Green-Poole,1,8,179,2,0,0
Phyllis Brown,Rodriguez-Bates,32,17,44,8,0,0
Wendy Green,Hickman and Sons,5,2,388,9,0,1
Paula Holland,Mills-Horton,21,4,140,9,0,0
Catherine Green,"Sheppard, Hall and Thomas",49,9,333,7,0,1
Ryan Carroll,Adams-Davis,12,16,233,4,0,1
Brian Webster,Hernandez-Marquez,45,18,201,7,0,1
Kim Perez,Cooper-Rodriguez,21,16,35,0,0,0
Rebecca Kim,Jensen Group,24,14,93,4,0,0
Debra Smith,"Aguilar, Winters and Baxter",40,4,341,4,0,1
Jessica Johnson,"Lane, Cruz and Powell",28,6,84,8,0,0
Crystal Lane,Copeland and Sons,29,12,477,4,0,1
Chase Bernard,"Green, Rose and Vargas",34,3,92,0,1,0
Jeremy Hernandez,Kennedy-Navarro,41,14,35,1,0,0
Donald Walker,"Parker, Huerta and Christian",12,12,14,2,0,0
Janice Curtis,Brown-Gray,15,4,417,8,0,1
Rachel Dickson,Ho-Roberts,17,14,305,5,0,1
Eric Sanchez,Holmes-Stevenson,41,6,431,0,0,1
Brent Casey,Johnson and Sons,28,11,301,0,1,1
Darren Tyler,Bailey-Pena,23,9,298,7,0,1
Barbara Whitney,"Edwards, Willis and Bullock",27,14,346,7,0,1
Lonnie Cantrell,White-Green,20,2,425,1,1,1
Daniel Abbott,"Cortez, Martinez and Crawford",8,15,279,2,0,1
David Black,Keller-Townsend,37,11,35,5,0,0
Michael Green,Nelson-Cruz,36,16,322,6,0,1
James Stark,Adams-Morris,1,13,206,6,0,1
Benjamin Wright,Duncan-Blake,14,10,423,4,0,1
Lisa Sanders,Lee-Martinez,6,18,467,6,0,1
Stacy Ross,Underwood Inc,1,3,244,5,0,1
Robert Dixon,Ferguson-Curry,20,6,368,2,0,1
Christian Hansen,Bowman-Morris,3,1,47,2,0,0
Brooke Wright,Smith LLC,11,19,251,6,0,1
Christopher Lucas,Singh-Sanchez,10,7,423,6,0,1
Jesse Nichols,"Rocha, Ryan and Sanders",49,8,126,1,1,1
Joshua Avery,Crawford-Roberts,24,12,491,3,0,1
Ryan Moore,Taylor Ltd,3,14,230,2,0,1
Tina Peters,"Ward, Mckenzie and Burns",22,5,93,5,0,0
Patricia Nixon,Simpson-Mills,33,11,337,9,0,1
Troy Stafford,"Walker, Montgomery and Wilson",10,5,491,0,0,1
Patricia Vance,Castillo-Hoffman,16,7,397,3,0,1
Adam Richards,Rodriguez Group,16,13,52,5,1,0
Albert Stevens,"Jones, Evans and Webster",12,13,27,6,1,0
Randy Butler,"Harper, Obrien and Smith",2,1,165,1,0,0
Brittany Santos,Castro Inc,37,14,167,5,1,1
Anthony Jones,Thomas-Berger,2,18,407,5,1,1
Wanda Perry,Evans PLC,43,16,273,5,0,1
Tiffany May,"Cooke, Hall and Wilson",36,15,352,2,1,1
April Beck,Hines-Dyer,26,13,410,4,0,1
Sonya Kelly,Baker LLC,16,17,387,7,0,1
Michael Duke,"Burton, Burns and Brown",20,7,370,1,1,1
Robert Freeman,Beck Inc,35,13,128,7,0,0
Richard Miller,Sanchez Ltd,5,16,135,0,1,1
Patrick Hill,Bennett and Sons,40,3,467,5,0,1
Zachary Williams,Hamilton-Kane,41,5,132,7,0,0
Raven Martinez,Vaughn PLC,6,17,46,4,0,0
Melissa Hart,Frank LLC,21,17,484,1,0,1
Jason Cook,Edwards PLC,21,16,90,9,0,0
Sandra Ashley,Jimenez-Murphy,3,15,158,1,0,0
Timothy Ford,"Hudson, Blair and Sanchez",11,3,144,6,0,0
Amy Sexton,"Rodriguez, Quinn and Jones",48,7,238,5,0,1
Alicia Lee,"Price, Gallegos and Doyle",8,17,494,2,1,1
Christina Black,"Gonzalez, Porter and Nielsen",28,11,140,3,0,0
David Graham,"Mason, Merritt and Meyer",33,6,415,4,0,1
Megan Gonzales,Smith-Eaton,35,1,198,6,0,1
Breanna Phelps,"Johnson, Brown and Snyder",30,1,368,6,0,1
Kimberly Rodriguez,Rodgers and Sons,38,14,171,0,0,1
Nathan Bond,Bell and Sons,5,11,200,7,1,1
Thomas Williams,Mitchell-Ellison,25,3,150,7,0,0
Katherine Walker,Ferguson-Fowler,14,10,54,4,0,0
Jesse Smith,Woods LLC,28,12,397,1,0,1
Julie Walter,Sawyer-Thompson,27,14,178,4,0,1
Brian Hughes,"Johnson, Garcia and Miller",18,3,292,4,0,1
Derrick Lawson,"Blake, Holloway and Gamble",41,15,239,5,0,1
Angela Vang,"Mills, Green and Casey",20,4,184,1,0,1
Ashley Palmer,Flores-Lowe,28,1,29,9,0,0
Frank Moore,Huerta-Carter,14,7,406,4,0,1
William Nunez,Cooper-Patel,18,2,493,0,0,1
Amy Gonzalez,Travis Inc,39,4,249,2,0,1
Danielle Yates,"Foley, Hall and Duncan",9,1,434,1,0,1
Timothy Wheeler,"Nelson, Carlson and Chandler",26,10,451,9,0,1
Francisco Rogers,"Foley, Cruz and Bryan",14,7,146,0,0,0
James Casey,Jones-Perez,25,19,134,4,0,0
Thomas Rogers,Decker Inc,15,10,351,4,1,1
Deanna Clark,"Cummings, Martin and Jackson",2,16,136,3,0,0
Brandon Miller,Martin-Colon,39,4,376,6,0,1
David Reed,Mcmillan-Hurley,25,15,31,4,0,0
Ms. Yvonne Rivera DDS,Bautista-Allen,1,1,350,8,0,1
Linda Bird,"Owens, Smith and Galloway",10,5,287,9,1,1
Glenda Johnston,Padilla-Warner,12,4,122,6,0,0
Courtney Porter,Trevino-Hayes,42,15,181,5,1,1
Robert Luna,Perez PLC,49,13,194,8,1,1
David Prince,Flynn LLC,40,5,45,4,0,0
Dr. Briana Ramos MD,"Ibarra, Smith and Stephens",45,8,487,9,1,1
Thomas Farley,Bauer-Pitts,23,3,353,1,0,1
Erin Benjamin,Ramos Group,48,2,97,7,1,0
Anthony Nelson,Smith Group,2,11,15,8,0,0
Lauren Thomas,Roy PLC,39,11,325,7,0,1
Justin Schultz,Gross Inc,23,7,25,4,1,0
Laura Williams,"Woods, Fernandez and Dougherty",37,16,75,8,0,0
Samantha Coleman,Brewer-Mckenzie,24,14,295,3,1,1
Mindy Richmond,Martinez-Pierce,44,1,38,0,0,0
Rachel Johnson,Oliver-Wood,23,11,308,6,0,1
Jeremy Phillips,Mcdowell Group,24,7,182,0,1,1
Holly Campbell,Burton-Maxwell,2,15,168,2,0,0
Dennis Jordan,"Holt, Glover and Scott",12,6,372,5,0,1
Tracey Ford,Thomas LLC,35,4,91,5,0,0
Jonathan Ramos,Frey PLC,34,16,190,9,1,1
Shane Johnson,Arnold and Sons,44,16,234,8,0,1
Christina Mccoy,"Robinson, Stewart and Miller",25,3,14,6,0,0
Kristen Harris,Hardy Inc,11,13,26,6,0,0
Kayla Quinn,"Clark, Joyce and Sanders",11,18,431,8,0,1
William Dudley,"Leach, Long and Russo",16,15,106,1,1,0
Gerald Garza,Johnson LLC,16,4,421,1,0,1
Stephen Ramirez,"Watts, Stevens and Mcdonald",49,17,107,4,0,0
James Stewart,Schmidt-Olson,24,8,470,0,0,1
Randy Hines,"Castro, Robinson and Rivera",30,8,305,7,0,1
Susan Smith,Fitzgerald-Jones,2,14,102,5,0,0
Jamie Williams,Ortega-Dominguez,15,19,344,5,0,1
Melinda Diaz,"Galloway, Mahoney and Miller",23,4,273,9,0,1
James Cardenas,Rice-Torres,24,12,441,0,0,1
Nicole Mcgee,Rodgers-Hicks,5,8,306,3,0,1
Joseph Fields,Thomas-Wong,11,9,118,7,0,0
Brittany Lewis,Davis PLC,12,8,209,0,1,1
Thomas Singleton,"Carroll, Matthews and Ferguson",32,16,471,8,0,1
James Johnson,Nicholson-Branch,26,7,96,9,0,0
Monique Mcintosh,Rogers Group,29,16,436,7,0,1
Eddie Barker,Miller-Stevens,30,2,43,5,0,0
Brooke Alexander MD,"Mitchell, Jackson and Flores",1,2,381,8,0,1
Stephen Potts,"Taylor, Mcclure and Moore",45,13,426,7,0,1
Linda Cooper,"Calderon, Ross and Heath",31,7,99,0,0,0
Denise Nguyen,Mclaughlin Ltd,29,12,360,8,0,1
Alyssa Arias,Figueroa Inc,32,18,304,1,1,1
Michael Valdez,"Morrow, Phillips and Blake",43,7,395,5,0,1
Robert Howard,"Acevedo, Baker and Foster",22,7,118,8,0,0
Debra Martin,Wagner Inc,20,16,473,4,0,1
Brian Trujillo,"Anderson, Fischer and Holmes",22,12,383,5,0,1
Lori Campos,"Massey, Lawrence and Wood",43,2,125,3,0,0
Sherry Duffy,Strong-Shaffer,36,11,367,2,0,1
Bryan Thompson,Greer-Roman,17,13,495,7,0,1
Gregory Evans,Lane Ltd,48,1,124,0,0,0
Melissa Morales,Norton-Valentine,20,6,38,1,1,0
Dawn Sherman,Salazar-Johnson,24,15,117,1,0,0
Lonnie Russell,Hoover-Parker,3,1,255,6,1,1
Derrick Foley,Clayton-Hill,18,11,280,3,0,1
Karen Davis,Barrett-Smith,49,15,365,2,0,1
Donald Torres,"Valentine, Rosales and Guerra",30,15,294,4,0,1
Justin Cortez,"Poole, Sanchez and Morgan",46,19,313,1,1,1
William Ross,Velasquez Inc,23,13,230,3,0,1
Tammy Wilson,"Diaz, Berg and Chavez",49,18,303,2,0,1
Kayla Evans,"Adams, Graham and Alexander",25,7,26,0,0,0
Brittney Thomas,Gamble and Sons,11,1,461,8,0,1
Whitney Dawson,"Olson, Miller and Carter",45,1,46,3,0,0
James Taylor,"Carter, Herrera and Malone",21,14,469,7,0,1
Brooke Love,"Barnett, Jackson and Bryant",24,13,301,8,0,1
Tyler Roberts,Young-Martinez,49,11,447,0,0,1
Elizabeth Peck,Patel-Yoder,32,10,485,1,0,1
David Jackson,Williams LLC,27,9,19,7,0,0
Jenny Whitehead,Duarte-Perry,41,19,378,8,1,1
Molly Jennings,James-Carey,41,3,52,8,1,0
Adam Parker,Cruz Inc,20,8,79,3,0,0
Stacey Steele,Ford Group,28,9,257,2,0,1
Jessica Wyatt,"Reyes, Glenn and Anderson",24,5,326,0,0,1
Alexandria Wilson,Smith-York,28,6,121,5,0,0
Stephanie Jimenez,"Peterson, Miller and Green",19,13,347,6,0,1
